Cycle,MSE,Duration
0,441.7541618347168,16.90735173225403
