Cycle,MSE,Duration
0,451.21633529663086,13.690904378890991
